AOA_amoA,AOB_amoA,nxrA,narG,napA,nirK,nirS,nosZ,cnorB,hzsA,hzsB,hzo,nifH
6.971866971525295,5.377921096248804,6.682115205200994,5.228732304036368,6.05973147617836,5.786180115769591,8.411752470559378,5.534968907062289,5.014822027442284,5.4799048239519905,5.7010508661036585,4.62080578470072,4.30398944995804
7.117423382480748,5.529313939668604,6.790693698886471,5.716281771613416,6.534926304697293,5.849972106417367,8.619925742520934,5.985354134825066,5.489231870925443,5.934462940203389,5.690957238288063,4.555840243945722,4.364859829228135
7.196369222332743,5.615831415993621,6.616500351690642,4.860813169573612,5.543221031697926,5.73034403968262,8.385242020489711,5.540725284074818,5.061416903817196,5.524549933076289,5.609674593221881,4.762824014620992,4.31180706841723
7.2706518468690495,5.61909445145323,6.8916363938878575,5.430558129348804,6.241852736442085,6.202591664952036,8.363785088815453,5.933172348062647,5.196642437495899,6.060043604652678,5.862647877112386,4.805700883356119,4.8447814385144
7.340544929242109,5.652052811729765,6.888999766942952,5.560778860965564,6.627831213584664,5.8514411945006986,8.500898724756444,6.272189154371197,5.581983308102161,5.724171728750371,5.71079199892906,4.5290108530190825,4.754404630056401
7.294320349211254,5.700987917427716,6.960626896036502,5.117260575097665,5.95058205318319,6.194039307685379,7.956321020854548,6.078648832293554,4.905852910836351,5.726397348639128,5.602388786866707,4.572766293304836,5.042350091133037
7.117007121731071,5.5589093210720435,6.878378979244942,5.791916191504543,6.433671149573946,5.792979855352397,7.878303016690332,6.041899021960725,5.459079620543833,5.8389091036184295,5.9899709591968975,4.776438226212584,4.123889617030725
7.0704580055312,5.5673464909591335,6.7427213754597215,5.750399959546792,6.082550857651892,5.889178625088112,8.20677195313599,5.625964480744174,5.108539352137134,6.216707542947637,5.9251984765854555,4.766314513753491,4.109806014184182
6.827899209159246,5.688104213346037,7.166135936245485,5.470365772829247,5.952208389759425,5.605606065312573,8.697550177004244,5.94801868151949,5.110862170596048,6.177498601480418,6.131567153442553,4.6847896010463765,3.9963926363972653
