S-TN,S-TP,S-Size-d(0.1),S-Size-d(0.5),S-Size-d(0.9),S-Size-d((0.9-0.1)/0.5),FI,BIX,HIX,β:α,Ⅰ-Area,Ⅱ-Area,Ⅲ-Area,Ⅳ-Area,Ⅴ-Area,W-pH,W-DO,W-TN,W-NO_{2}^{-},W-NO_{3}^{-},W-NH_{4}^{+},W-COD,W-T
705,806.2857143,11.777,38.34,257.008,6.39621804903495,2.041316208229143,0.7633263904960271,1.402680568630896,0.6946622048533919,44512.967,58170.63,135312.287,42775.19,458586.935,8.1,10.66,3.9899,0.2799,0.33,2.98,14.27,11.3
320,794.2857143,45.008,807.765,1239.506,1.478769196486602,2.0245776705194967,0.793398199508957,0.4425478498654865,0.7574113459785582,78852.01000000001,96950.93,124054.107,53403.9,406425.185,8.0,10.02,3.74,0.0916,0.3,2.74,14.13,12.5
420,791.0,611.957,875.213,1252.883,0.7323085923083867,1.793111144174974,0.7212224769650041,1.5731926301669297,0.6780470942291269,54188.16299999999,66892.83,169736.917,48073.81,702980.995,8.1,10.58,3.62,0.1025,0.29,2.8275,15.44,14.7
595,770.8571429,15.136,39.22,96.597,2.077027027027027,2.090328690127077,0.968483256730138,2.061321578764809,0.9051977159933828,48792.973,94539.72999999998,187853.627,35330.52,683128.035,7.47,9.95,3.91,0.1199,0.2,2.31,14.07,11.4
2190,773.7142857,14.143,42.948,140.897,2.951336499953432,1.8110725085247377,0.7671474916000462,0.8983498892225737,0.7644130168121797,66380.525,98027.33,165782.057,51958.57,574098.2250000001,7.5,9.96,3.48,0.0777,0.15,2.13,14.47,11.3
430,789.7142857,7.449,32.507,95.216,2.699941551050543,1.8971294775892475,0.7683449317714655,3.3565732641881807,0.744138634046891,34434.773,64276.42999999999,173495.057,14734.29,627980.7050000001,7.4,9.89,3.74,0.0257,0.17,2.07,13.96,11.6
870,911.4285714,35.451,84.056,185.556,1.7857737698677074,1.908653846153846,0.909541819083638,1.152836056105295,0.8612693007690951,39645.106,41850.93,81933.25700000001,23837.02,254062.635,8.7,9.56,2.74,0.1221,0.09,1.45,13.96,11.7
640,890.0,31.449,150.842,636.24,4.009433712096101,1.588900748192924,0.6148642842235781,5.405232296081027,0.6045353731951297,37177.024,94122.43,412933.647,57563.87,2547258.005,8.5,9.84,2.72,0.008,0.11,1.51,13.96,10.5
430,894.2857143,6.946,37.117,131.724,3.3617479860980146,1.7461926562645986,0.8517920319950778,2.851256476745344,0.8196872976223517,30092.289,47648.53,139317.66700000002,18649.56,423951.425,8.34,9.68,2.92,0.0488,0.09,1.53,13.56,11.5
