,Bacterial 16S rRNA,Archaeal 16S rRNA,AOA_amoA,AOB_amoA,nxrA,narG,napA,nirK,nirS,nosZ,cnorB,hzsA,hzsB,hzo,nifH
k,-3.8032328770238135,-3.242981902476189,-3.5874789247619074,-3.480336067619049,-3.417612801619049,-3.1866030970238137,-3.0962799502380975,-3.5185273948571436,-3.4172686530000016,-3.287600278,-3.1014032280555566,-3.2368495191190516,-3.3776933945714247,-3.3676559007142886,-3.147002734285715
b,50.811715809523854,46.05889718993649,38.001096316666676,37.83442965,46.214914247238084,40.86695981357145,40.60284648428572,39.283643392825404,46.071373167333334,45.18814938733332,36.36850810638891,38.75220900414287,37.482051723904746,44.86359604142858,41.02490584047619
