S-TN,S-TP,â…?Area,â…?Area,â…?Area,â…?Area,â…?Area,W-pH,W-DO,W-TN,W-NO_{2}^{-},W-NO_{3}^{-},W-NH_{4}^{+},W-COD,W-T
705,806.2857143,44512.967,58170.63,135312.287,42775.19,458586.935,8.1,10.66,3.9899,0.2799,0.33,2.98,14.27,11.3
320,794.2857143,78852.01,96950.93,124054.107,53403.9,406425.185,8,10.02,3.74,0.0916,0.3,2.74,14.13,12.5
420,791,54188.163,66892.83,169736.917,48073.81,702980.995,8.1,10.58,3.62,0.1025,0.29,2.8275,15.44,14.7
595,770.8571429,48792.973,94539.73,187853.627,35330.52,683128.035,7.47,9.95,3.91,0.1199,0.2,2.31,14.07,11.4
2190,773.7142857,66380.525,98027.33,165782.057,51958.57,574098.225,7.5,9.96,3.48,0.0777,0.15,2.13,14.47,11.3
430,789.7142857,34434.773,64276.43,173495.057,14734.29,627980.705,7.4,9.89,3.74,0.0257,0.17,2.07,13.96,11.6
870,911.4285714,39645.106,41850.93,81933.257,23837.02,254062.635,8.7,9.56,2.74,0.1221,0.09,1.45,13.96,11.7
640,890,37177.024,94122.43,412933.647,57563.87,2547258.005,8.5,9.84,2.72,0.008,0.11,1.51,13.96,10.5
430,894.2857143,30092.289,47648.53,139317.667,18649.56,423951.425,8.34,9.68,2.92,0.0488,0.09,1.53,13.56,11.5
