S-TN,S-TP,Ⅰ-Area,Ⅱ-Area,Ⅲ-Area,Ⅳ-Area,Ⅴ-Area,W-pH,W-DO,W-TN,W-NO_{2}^{-},W-NO_{3}^{-},W-NH_{4}^{+},W-COD,W-T
705,806.2857143,44512.967,58170.63,135312.287,42775.19,458586.935,8.1,10.66,3.9899,0.2799,0.33,2.98,14.27,11.3
320,794.2857143,78852.01000000001,96950.93,124054.107,53403.9,406425.185,8.0,10.02,3.74,0.0916,0.3,2.74,14.13,12.5
420,791.0,54188.16299999999,66892.83,169736.917,48073.81,702980.995,8.1,10.58,3.62,0.1025,0.29,2.8275,15.44,14.7
650,768.0,57662.225000000006,74723.33000000002,174797.45,55447.17999999999,756914.825,7.84,10.62,3.86,0.209,0.25,2.81,15.01,13.8
1475,797.7142857,48195.28500000001,79531.93,177928.387,32505.73,655137.135,7.9,11.06,3.75,0.1807,0.26,2.79,16.52,13.6
430,807.4285714,53503.897,108899.33,194758.347,30084.79,376889.355,8.05,11.64,3.61,0.1933,0.21,2.8,13.78,13.7
