AOA_amoA,AOB_amoA,nxrA,narG,napA,nirK,nirS,nosZ,norB,hzsA,hzsB,hzo,nifH
7.0351825314018575,5.546893169225169,9.087077379218947,5.440922905149567,6.7026941610760575,6.347115383618144,7.761038590811824,5.613997922563952,5.192388559805744,6.804514610312064,6.329002658119144,5.285652481040778,5.372144301994725
7.042186577193802,5.559698378971427,8.935939626061158,5.356323018752738,6.715522513369251,6.085523038286781,8.110761583457084,5.969199677011142,5.2860847585794595,7.024291276624399,6.345506033891179,5.219491313381278,5.6363797052904285
7.173415317452183,5.584122415907843,9.164948877673634,5.763060060424853,6.682655342128644,6.33684337511079,7.4971273598716,5.586571243818957,5.307590384182513,6.776526491165687,6.466557001391802,5.274931880600075,5.713505847367038
6.845528158251269,5.620953838939842,9.110913101615996,6.370781706653306,6.460960568282194,6.458980234779638,7.854979440243775,5.991829195112185,4.79986715777684,6.856688080946343,6.414017798074765,5.4189163990986815,5.913809901697559
7.108670761492063,5.645314693280556,9.035513895125648,5.774335848122906,6.362212881300653,6.012471400156667,7.817840585731439,5.618582057513137,5.092279191937019,6.530726130259032,6.439778433070976,5.370088187968661,5.845882538833292
7.242753624905286,5.6605428021864075,9.177259454024883,6.10622575862178,6.493010901239231,6.417710371840506,7.820942912299771,6.103511273919131,5.372648295659947,6.936278094366794,6.710289447521002,5.446032570116617,5.9515325624926465
