S-TN,S-TP,Ⅰ-Area,Ⅱ-Area,Ⅲ-Area,Ⅳ-Area,Ⅴ-Area,W-pH,W-DO,W-TN,W-NO_{2}^{-},W-NO_{3}^{-},W-NH_{4}^{+},W-COD,W-T
210,746.29,56206.652,99470.96,270886.239,38297.030000000006,1092226.395,9.11,8.02,2.3744,0.0203,0.134,2.0,12.42,19.0
485,757.71,47933.592,86963.25999999998,224876.639,25126.770000000004,823088.6849999999,9.1,8.37,2.349181005,0.0195,0.117,1.88,12.38,19.3
540,735.43,55737.432,75629.06,246924.449,24436.43,605695.9149999999,8.55,8.28,2.14478645,0.0264,0.114,2.07,12.48,19.8
1145,738.86,37691.102,97174.86,478562.189,31900.63,2125190.225,8.37,8.66,2.2191,0.0959,0.113,1.51,12.42,19.5
1310,781.14,59283.272,108603.66,214314.999,50357.12,852152.0249999999,8.34,8.16,2.114265555,0.099,0.117,1.8,12.4,20.0
430,784.57,41988.942,81874.85999999999,217531.219,28921.13,918705.445,8.25,8.08,2.3579514,0.0929,0.098,1.81,12.18,19.5
