S-TN,S-TP,Ⅰ-Area,Ⅱ-Area,Ⅲ-Area,Ⅳ-Area,Ⅴ-Area,W-pH,W-DO,W-TN,W-NO_{2}^{-},W-NO_{3}^{-},W-NH_{4}^{+},W-COD,W-T
1745,1165.142857,17567.173000000003,62761.30999999999,196186.678,18839.68,831438.0190000001,8.4,8.21,1.86,0.0248,0.1024607,1.0177,12.97,21.2
580,1304.0,13943.452999999998,66886.11000000002,229601.718,18862.65,1021062.859,8.29,8.11,1.83,0.0206,0.1790345,1.3449655,11.63,21.2
545,1342.285714,9953.523,57187.30999999999,169114.528,16188.6,787915.619,8.5,8.01,2.54,0.0334,0.2683706,1.9759294,12.51,21.4
490,1353.714286,16045.153,60763.41,173410.94800000003,18327.64,755204.5289999999,8.33,7.87,1.92,0.0236,0.1620181,1.2029819,12.09,21.5
1250,837.7142857,8984.182999999999,36062.21,200192.718,12330.47,764032.0389999999,8.15,7.58,2.48,0.0228,0.0811902,1.9267,10.8,20.6
1140,854.8571429,15327.123,33245.01,118971.338,6981.17,462147.439,8.64,7.8,2.5,0.0242,0.2045591,1.6885,11.93,22.3
