S-TN,S-TP,Ⅰ-Area,Ⅱ-Area,Ⅲ-Area,Ⅳ-Area,Ⅴ-Area,W-pH,W-DO,W-TN,W-NO_{2}^{-},W-NO_{3}^{-},W-NH_{4}^{+},W-COD,W-T
2465,835.4285714,12405.403,34410.41,102485.808,17445.289999999997,423735.989,8.97,11.55,1.63,0.0557,0.1322394,1.1592,11.9,28.9
1270,889.7142857,20010.963,47980.810000000005,130625.838,22557.17,573778.4890000001,9.14,10.36,1.81,0.0288,0.1705263,0.6563,11.84,28.3
1970,768.5714286,14550.472999999998,27603.61,90522.258,9323.010000000002,373370.159,9.15,12.16,1.73,0.0236,0.1705263,1.4330737,11.91,28.4
1365,821.7142857,30694.823000000004,50378.51,97927.918,19807.1,370740.569,9.35,10.31,1.56,0.0518,0.1067148,1.0665,12.8,28.4
1600,903.4285714,43475.433000000005,70245.70999999999,199569.578,31680.44,817219.539,9.17,11.12,1.66,0.0247,0.0982066,0.8018,12.3,29.1
2190,844.5714286,30096.283,47235.61,145832.458,15879.06,565644.6190000001,9.46,11.33,1.84,0.022,0.1790345,1.0136,11.85,27.9
