AOA_amoA,AOB_amoA,nxrA,narG,napA,nirK,nirS,nosZ,norB,hzsA,hzsB,hzo,nifH
7.2189487696133945,5.703903842729995,9.172461140810787,6.513881899172595,6.797029725482697,7.024033767186213,7.686790269779981,7.938195033082223,6.125008138958875,6.422397021580304,6.417359595374903,5.296329603167689,6.107837606222341
7.647395019910278,5.819772258547247,9.109425111715291,6.253670362073908,7.072735025731045,7.615860537208527,8.077095427330027,8.733365174099795,6.1378152998080955,6.512172493568395,6.831871946392379,5.712077432303983,6.046945450676281
7.609713726305008,5.862510084371182,9.41248802339914,6.714638859020368,6.7619192073511,7.25899495612235,7.913805015211917,8.2935355361489,6.105002422587632,6.5327782141225015,6.6308055812732585,5.510411777214551,5.866196592785916
7.445150327964623,5.77121032658159,9.865306116952688,5.617766574152354,6.862480269336484,7.312658604426652,7.897215020172976,8.549454797065003,5.8836738713293375,6.046300716780612,6.532971377652401,5.412285973071903,5.6651053725256215
7.6500593654113365,5.727502228557579,9.420889700729703,5.715126594803528,6.453567716095737,7.480461421839125,7.927921131979905,8.330223677386895,5.785089307875129,6.326476740197818,6.686802456824678,5.566575554703383,5.818002601188462
7.482630056622707,5.555027813729783,9.668183435389448,5.647055212813954,6.962324302058041,7.13976758542938,7.74857392258546,8.583536832752188,5.915671259619783,6.595113770803425,6.462185638568563,5.341289252984609,6.072834720630102
