AOA_amoA,AOB_amoA,nxrA,narG,napA,nirK,nirS,nosZ,norB,hzsA,hzsB,hzo,nifH
7.117007121731071,5.5589093210720435,6.878378979244942,5.791916191504543,6.433671149573946,5.792979855352397,7.878303016690332,6.041899021960725,5.459079620543833,5.8389091036184295,5.9899709591968975,4.776438226212584,4.123889617030725
7.0704580055312,5.5673464909591335,6.7427213754597215,5.750399959546792,6.082550857651892,5.889178625088112,8.20677195313599,5.625964480744174,5.108539352137134,6.216707542947637,5.9251984765854555,4.766314513753491,4.109806014184182
6.827899209159246,5.688104213346037,7.166135936245485,5.470365772829247,5.952208389759425,5.605606065312573,8.697550177004244,5.94801868151949,5.110862170596048,6.177498601480418,6.131567153442553,4.6847896010463765,3.9963926363972653
7.234257277663694,5.718099969877891,7.067952022654971,4.7180048542157875,5.804974346328821,5.564497499966528,8.215877949715846,5.5401400213186145,5.228771287784894,5.871831467181279,5.505856597022587,4.534059039997764,4.311012234874163
7.082965475059069,5.750192241379824,7.07959654442403,4.883222629163994,5.285399901342682,5.937285959304336,8.483902532017638,5.92338813041249,5.204780329113802,5.961428772097777,5.440958521799921,4.512273339351279,4.280705059639063
