S-TN,S-TP,S-Size-d(0.1),S-Size-d(0.5),S-Size-d(0.9),S-Size-d((0.9-0.1)/0.5),FI,BIX,HIX,β:α,Ⅰ-Area,Ⅱ-Area,Ⅲ-Area,Ⅳ-Area,Ⅴ-Area,W-pH,W-DO,W-TN,W-NO_{2}^{-},W-NO_{3}^{-},W-NH_{4}^{+},W-COD,W-T
705,806.2857143,11.777,38.34,257.008,6.39621804903495,2.041316208229143,0.7633263904960271,1.402680568630896,0.6946622048533919,44512.967,58170.63,135312.287,42775.19,458586.935,8.1,10.66,3.9899,0.2799,0.33,2.98,14.27,11.3
320,794.2857143,45.008,807.765,1239.506,1.478769196486602,2.0245776705194967,0.793398199508957,0.4425478498654865,0.7574113459785582,78852.01000000001,96950.93,124054.107,53403.9,406425.185,8.0,10.02,3.74,0.0916,0.3,2.74,14.13,12.5
420,791.0,611.957,875.213,1252.883,0.7323085923083867,1.793111144174974,0.7212224769650041,1.5731926301669297,0.6780470942291269,54188.16299999999,66892.83,169736.917,48073.81,702980.995,8.1,10.58,3.62,0.1025,0.29,2.8275,15.44,14.7
650,768.0,20.27,53.408,181.77,3.0238915518274414,2.2483438797706152,0.6918202226171546,1.6445621017900809,0.6817134430158072,57662.225000000006,74723.33000000002,174797.45,55447.17999999999,756914.825,7.84,10.62,3.86,0.209,0.25,2.81,15.01,13.8
1475,797.7142857,9.567,40.619,116.947,2.6435904379723776,1.8870847098422987,0.8701253388443061,1.593886631986384,0.828456801165257,48195.28500000001,79531.93,177928.387,32505.73,655137.135,7.9,11.06,3.75,0.1807,0.26,2.79,16.52,13.6
430,807.4285714,10.031,33.233,93.739,2.5188216531760603,1.910384788478848,0.7677830531673724,0.5971758833347428,0.7232799435881939,53503.897,108899.33,194758.347,30084.79,376889.355,8.05,11.64,3.61,0.1933,0.21,2.8,13.78,13.7
