AOA_amoA,AOB_amoA,nxrA,narG,napA,nirK,nirS,nosZ,norB,hzsA,hzsB,hzo,nifH
7.2706518468690495,5.61909445145323,6.8916363938878575,5.430558129348804,6.241852736442085,6.202591664952036,8.363785088815453,5.933172348062647,5.196642437495899,6.060043604652678,5.862647877112386,4.805700883356119,4.8447814385144
7.340544929242109,5.652052811729765,6.888999766942952,5.560778860965564,6.627831213584664,5.8514411945006986,8.500898724756444,6.272189154371197,5.581983308102161,5.724171728750371,5.71079199892906,4.5290108530190825,4.754404630056401
7.294320349211254,5.700987917427716,6.960626896036502,5.117260575097665,5.95058205318319,6.194039307685379,7.956321020854548,6.078648832293554,4.905852910836351,5.726397348639128,5.602388786866707,4.572766293304836,5.042350091133037
7.457680121433161,5.736312984972349,7.08279737903237,5.12019950297212,6.3455323536470205,6.273218370041752,8.179818949820762,6.317582660489321,5.300150784006929,5.839372547055578,5.349954171367355,4.53463038993871,4.816052627547163
7.23287349810593,5.753054426661109,7.121380173803875,4.641755492141086,5.8089995562151895,5.765550829180522,8.598928169911689,5.8453418154806895,5.259229486774353,5.816385492443623,5.25611007038725,4.669198297120244,3.853037085706142
7.800494485631353,5.765536490410886,7.107678664577566,4.611401123014599,5.812423498334028,6.219057679517678,8.39482545880223,6.379978186907997,5.262647772806117,5.808588131712376,5.27863502981339,4.743409280675202,4.028327227864812
