S-TN,S-TP,S-Size-d(0.1),S-Size-d(0.5),S-Size-d(0.9),S-Size-d((0.9-0.1)/0.5),FI,BIX,HIX,β:α,Ⅰ-Area,Ⅱ-Area,Ⅲ-Area,Ⅳ-Area,Ⅴ-Area,W-pH,W-DO,W-TN,W-NO_{2}^{-},W-NO_{3}^{-},W-NH_{4}^{+},W-COD,W-T
1585,765.71,5.607,22.495,44.8,1.7422982885085574,1.777677080481136,0.8217429856229022,1.869714133528226,0.809995005618679,45101.142,64379.06,157707.359,18151.98,501480.895,8.13,7.64,2.822868005,0.0291,0.109,2.028,12.91,19.4
705,773.14,8.312,31.178,79.254,2.275386490474052,1.754517395068262,0.7859559173317828,2.630162380239465,0.7632038187137503,51143.252,75080.76,195190.879,18735.7,595159.895,8.2,7.43,2.724786305,0.006,0.105,1.988,12.7,19.7
2135,777.14,5.764,27.249,69.623,2.343535542588719,1.7392126074901744,0.8240419127011693,2.3129401480234724,0.793870778840523,41069.452000000005,56344.86,161127.689,20171.37,561373.605,8.44,7.16,2.5260088,0.255,0.141,2.161,12.51,19.7
2135,861.14,12.758,42.361,103.379,2.139255447227403,1.7415810236923144,0.7554974168764075,4.61228857951426,0.7314320524535501,38879.872,92523.46,356858.23899999994,25971.279999999995,1415808.225,8.3,7.59,2.4963,0.0779,0.107,1.789,12.69,19.3
375,814.86,10.105,33.339,91.605,2.4445844206484897,1.7088987559835147,0.7166943592365371,7.588151380702756,0.7004272992708328,29296.912000000004,76125.86,363290.349,17378.079999999998,1539453.225,8.39,8.14,2.457937755,0.0122,0.132,1.842,13.04,18.9
1850,932.57,18.44,81.585,179.645,1.9759146902004048,1.9443944109764613,1.1065664601920782,1.4252688430124307,1.0537145640130685,86335.742,173437.56,274148.429,92463.69,1331552.475,8.38,7.82,2.320129005,0.0987,0.15,1.63,12.73,19.9
