AOA_amoA,AOB_amoA,nxrA,narG,napA,nirK,nirS,nosZ,norB,hzsA,hzsB,hzo,nifH
7.3592758731935435,5.7384385287482775,8.806121594464223,4.80496857124061,5.880073649493829,6.83613438605127,7.739583582701091,5.798748989798167,5.361111327594548,6.313459667140268,6.228394633558313,5.338332201068698,5.696336354817403
7.412063974244917,5.708968883286664,8.805443015545364,5.023755661685338,5.804670538744088,6.92411606188507,7.581159850678131,6.221268931155423,5.208370572792084,6.241331154949333,6.1793753984398245,5.289166861275061,5.719363454818672
7.249496256850255,5.67741071825143,8.901762599547798,4.850682929832279,6.167191569800627,6.611230553321898,7.363331415480376,5.940072860518032,5.130495364193442,6.588108659856479,6.201699505808831,5.311557506941683,6.244540936234217
7.5197859264676685,5.657214938696129,9.10029174529496,4.934734840862602,6.708848353732918,6.901402161712854,7.606929271310608,6.291658185859501,5.178036266109349,7.106242428539197,6.2014013200701195,5.311258432443069,6.1712331776634155
7.367581458803447,5.64223416414246,9.053166220545531,4.955936252295494,6.177241577282759,6.763700737520017,7.672501089845649,5.912560454603419,5.387445118245995,6.597722216644605,6.5289165237229865,5.342807362361197,6.207176898154762
7.188070624917204,5.635387379942018,9.052859661534661,5.79897483126873,6.473052039532111,6.599273504644423,7.613707352194883,6.291875606857459,5.382773144862378,6.880686252483567,6.606164533785913,5.420285614601278,6.171528453331025
