S-TN,S-TP,S-Size-d(0.1),S-Size-d(0.5),S-Size-d(0.9),S-Size-d((0.9-0.1)/0.5),FI,BIX,HIX,Î²:Î±,â…?Area,â…?Area,â…?Area,â…?Area,â…?Area,W-pH,W-DO,W-TN,W-NO_{2}^{-},W-NO_{3}^{-},W-NH_{4}^{+},W-COD,W-T
2575,960.5714286,13.165,48.036,181.69,3.50830627,1.953892461,0.946639118,2.371383912,0.893566674,17900.653,39292.31,93580.118,13126.02,293895.319,9.01,10.05,1.78,1.00E-05,0.0386492,0.1748,12.31,20.4
1325,956.5714286,13.179,54.533,177.715,3.017182257,1.886289057,0.888042015,3.07154753,0.880783203,16707.283,32877.61,76044.798,14117.04,285886.769,9.11,9.14,1.9,0.0001,0.0514115,0.6678,10.94,20.4
2060,901.1428571,12.816,45.73,169.597,3.42840586,1.781550401,0.808306641,2.70412385,0.764923413,17967.643,38240.51,100290.708,11088,379521.819,9.17,9.74,1.33,2.00E-05,0.030141,1.299859,11.11,21.4
2575,960.5714286,13.165,48.036,181.69,3.50830627,1.953892461,0.946639118,2.371383912,0.893566674,17900.653,39292.31,93580.118,13126.02,293895.319,9.01,10.05,1.78,1.00E-05,0.0386492,0.1748,12.31,20.4
1325,956.5714286,13.179,54.533,177.715,3.017182257,1.886289057,0.888042015,3.07154753,0.880783203,16707.283,32877.61,76044.798,14117.04,285886.769,9.11,9.14,1.9,0.0001,0.0514115,0.6678,10.94,20.4
2060,901.1428571,12.816,45.73,169.597,3.42840586,1.781550401,0.808306641,2.70412385,0.764923413,17967.643,38240.51,100290.708,11088,379521.819,9.17,9.74,1.33,2.00E-05,0.030141,1.299859,11.11,21.4
