AOA_amoA,AOB_amoA,nxrA,narG,napA,nirK,nirS,nosZ,norB,hzsA,hzsB,hzo,nifH
7.555973123,5.647369053,9.4939787,6.850522461,6.98303506,6.987866127,7.934204973,8.24466674,5.627883374,7.536118564,7.036136254,5.614448459,6.273844948
7.873235642,5.466414058,9.645256817,6.26882985,6.626158022,7.538564221,7.965250426,8.938732413,6.011854346,7.259952082,7.909062486,5.389666552,6.45254164
7.865019934,5.789113601,9.669033054,5.983219462,6.64379541,7.429187016,7.978567662,8.931261493,5.658073889,7.274011609,7.901790837,5.400029825,6.466958507
7.555973123,5.647369053,9.4939787,6.850522461,6.98303506,6.987866127,7.934204973,8.24466674,5.627883374,7.536118564,7.036136254,5.614448459,6.273844948
7.873235642,5.466414058,9.645256817,6.26882985,6.626158022,7.538564221,7.965250426,8.938732413,6.011854346,7.259952082,7.909062486,5.389666552,6.45254164
7.865019934,5.789113601,9.669033054,5.983219462,6.64379541,7.429187016,7.978567662,8.931261493,5.658073889,7.274011609,7.901790837,5.400029825,6.466958507
