S-TN,S-TP,S-Size-d(0.1),S-Size-d(0.5),S-Size-d(0.9),S-Size-d((0.9-0.1)/0.5),FI,BIX,HIX,β:α,Ⅰ-Area,Ⅱ-Area,Ⅲ-Area,Ⅳ-Area,Ⅴ-Area,W-pH,W-DO,W-TN,W-NO_{2}^{-},W-NO_{3}^{-},W-NH_{4}^{+},W-COD,W-T
870,911.4285714,35.451,84.056,185.556,1.7857737698677074,1.908653846153846,0.909541819083638,1.152836056105295,0.8612693007690951,39645.106,41850.93,81933.25700000001,23837.02,254062.635,8.7,9.56,2.74,0.1221,0.09,1.45,13.96,11.7
640,890.0,31.449,150.842,636.24,4.009433712096101,1.588900748192924,0.6148642842235781,5.405232296081027,0.6045353731951297,37177.024,94122.43,412933.647,57563.87,2547258.005,8.5,9.84,2.72,0.008,0.11,1.51,13.96,10.5
430,894.2857143,6.946,37.117,131.724,3.3617479860980146,1.7461926562645986,0.8517920319950778,2.851256476745344,0.8196872976223517,30092.289,47648.53,139317.66700000002,18649.56,423951.425,8.34,9.68,2.92,0.0488,0.09,1.53,13.56,11.5
1585,968.5714286,14.433,66.472,174.936,2.414595619208088,1.780723748856436,0.6439543127215439,2.775926674684584,0.6392721530884619,45645.60999999999,87186.73000000001,247830.587,36467.99,974618.945,8.4,9.85,2.69,0.0385,0.12,1.47,13.56,11.4
