AOA_amoA,AOB_amoA,nxrA,narG,napA,nirK,nirS,nosZ,norB,hzsA,hzsB,hzo,nifH
6.971866971525295,5.377921096248804,6.682115205200994,5.228732304036368,6.05973147617836,5.786180115769591,8.411752470559378,5.534968907062289,5.014822027442284,5.4799048239519905,5.7010508661036585,4.62080578470072,4.30398944995804
7.117423382480748,5.529313939668604,6.790693698886471,5.716281771613416,6.534926304697293,5.849972106417367,8.619925742520934,5.985354134825066,5.489231870925443,5.934462940203389,5.690957238288063,4.555840243945722,4.364859829228135
7.196369222332743,5.615831415993621,6.616500351690642,4.860813169573612,5.543221031697926,5.73034403968262,8.385242020489711,5.540725284074818,5.061416903817196,5.524549933076289,5.609674593221881,4.762824014620992,4.31180706841723
7.215681475157923,5.689674506145492,7.186678534468843,4.732067831405674,5.318290011938839,5.756184888176859,8.46117137509446,6.084134332904447,5.166674245734862,5.625402771020032,5.143897366117184,4.897097111397523,3.6265477125316856
