S-TN,S-TP,S-Size-d(0.1),S-Size-d(0.5),S-Size-d(0.9),S-Size-d((0.9-0.1)/0.5),FI,BIX,HIX,β:α,Ⅰ-Area,Ⅱ-Area,Ⅲ-Area,Ⅳ-Area,Ⅴ-Area,W-pH,W-DO,W-TN,W-NO_{2}^{-},W-NO_{3}^{-},W-NH_{4}^{+},W-COD,W-T
595,770.8571429,15.136,39.22,96.597,2.077027027027027,2.090328690127077,0.968483256730138,2.061321578764809,0.9051977159933828,48792.973,94539.72999999998,187853.627,35330.52,683128.035,7.47,9.95,3.91,0.1199,0.2,2.31,14.07,11.4
2190,773.7142857,14.143,42.948,140.897,2.951336499953432,1.8110725085247377,0.7671474916000462,0.8983498892225737,0.7644130168121797,66380.525,98027.33,165782.057,51958.57,574098.2250000001,7.5,9.96,3.48,0.0777,0.15,2.13,14.47,11.3
430,789.7142857,7.449,32.507,95.216,2.699941551050543,1.8971294775892475,0.7683449317714655,3.3565732641881807,0.744138634046891,34434.773,64276.42999999999,173495.057,14734.29,627980.7050000001,7.4,9.89,3.74,0.0257,0.17,2.07,13.96,11.6
540,800.0,13.128,46.725,143.055,2.780674157303371,1.823564439294451,0.7439783035057612,2.6183166094906887,0.7249395323837678,48666.333,100623.63,253964.397,26407.25,960137.215,6.73,10.06,3.65,0.07,0.18,1.97,14.06,11.8
