AOA_amoA,AOB_amoA,nxrA,narG,napA,nirK,nirS,nosZ,norB,hzsA,hzsB,hzo,nifH
7.0351825314018575,5.546893169225169,9.087077379218947,5.440922905149567,6.7026941610760575,6.347115383618144,7.761038590811824,5.613997922563952,5.192388559805744,6.804514610312064,6.329002658119144,5.285652481040778,5.372144301994725
7.042186577193802,5.559698378971427,8.935939626061158,5.356323018752738,6.715522513369251,6.085523038286781,8.110761583457084,5.969199677011142,5.2860847585794595,7.024291276624399,6.345506033891179,5.219491313381278,5.6363797052904285
7.173415317452183,5.584122415907843,9.164948877673634,5.763060060424853,6.682655342128644,6.33684337511079,7.4971273598716,5.586571243818957,5.307590384182513,6.776526491165687,6.466557001391802,5.274931880600075,5.713505847367038
6.845528158251269,5.620953838939842,9.110913101615996,6.370781706653306,6.460960568282194,6.458980234779638,7.854979440243775,5.991829195112185,4.79986715777684,6.856688080946343,6.414017798074765,5.4189163990986815,5.913809901697559
