S-TN,S-TP,S-Size-d(0.1),S-Size-d(0.5),S-Size-d(0.9),S-Size-d((0.9-0.1)/0.5),FI,BIX,HIX,β:α,Ⅰ-Area,Ⅱ-Area,Ⅲ-Area,Ⅳ-Area,Ⅴ-Area,W-pH,W-DO,W-TN,W-NO_{2}^{-},W-NO_{3}^{-},W-NH_{4}^{+},W-COD,W-T
2655,776.0,14.744,47.025,112.513,2.0790855927698035,1.7998198045270848,0.7712582139958636,6.108658005671274,0.7352943011712145,37032.674000000006,102937.36,485706.219,31864.52,2302989.125,7.06,8.02,2.66,0.0195,0.09,1.39,11.92,19.1
2080,886.29,10.227,38.539,104.662,2.45037494486105,1.7522815684555912,0.8705182709556927,1.8619981197516893,0.8096266584387535,48767.262,78259.85999999999,169072.109,35240.37999999999,675477.405,7.98,8.37,2.5,0.0195,0.07,1.19,12.1,19.7
1775,796.57,8.105,32.642,89.353,2.4890631701488872,1.8629480598216768,0.9482854955197316,1.8094899279424157,0.8894668905344683,57977.352,109727.26,197036.969,43806.65,841170.845,7.84,8.28,1.94,0.0203,0.074,1.35,12.32,19.3
1840,761.14,11.834,47.722,120.179,2.2703365324169145,1.6333953940292556,0.7586248726284632,1.3947138285987732,0.7190590074966655,57747.03200000001,84394.96,205570.619,28257.41,669268.095,7.62,8.66,1.91,0.0201,0.138,1.2,12.24,19.6
