AOA_amoA,AOB_amoA,nxrA,narG,napA,nirK,nirS,nosZ,norB,hzsA,hzsB,hzo,nifH
6.955153941402808,5.426234532097074,8.861105527472759,6.00713262180735,6.033865327782926,6.20813699717308,7.579891148358558,5.560035410397501,5.1148322240722575,6.5436350868704505,6.175871461891778,5.66716260792978,5.445429691132572
7.316396097945747,5.36532485482798,9.322171567269166,5.786273804888068,6.260383516686591,6.335944318115726,7.393239406445697,5.897827475356885,5.544888389595828,6.555906330796183,6.109906905421151,5.683715172971092,5.377033331747505
7.153181894058674,5.841836140264816,8.97860868049517,5.822199001672146,5.773361393073155,6.955589492169721,6.93710071744771,6.10210871695455,5.346687887608199,6.312399475747455,6.308739359469835,5.752431140443971,5.407766019800056
7.024743901902224,5.812933574139312,9.174459835142134,5.9136127949176025,6.066257268524251,6.597699783772421,7.006937809845219,5.646527192433623,5.380521293204773,6.217940193186632,6.260056251169476,5.7782685565078316,5.451655311186818
