S-TN,S-TP,S-Size-d(0.1),S-Size-d(0.5),S-Size-d(0.9),S-Size-d((0.9-0.1)/0.5),FI,BIX,HIX,β:α,Ⅰ-Area,Ⅱ-Area,Ⅲ-Area,Ⅳ-Area,Ⅴ-Area,W-pH,W-DO,W-TN,W-NO_{2}^{-},W-NO_{3}^{-},W-NH_{4}^{+},W-COD,W-T
210,746.29,11.909,32.068,63.192,1.5991954596482476,1.8227954016944303,0.7911216746877675,2.3918609140262634,0.7561751695040816,56206.652,99470.96,270886.239,38297.030000000006,1092226.395,9.11,8.02,2.3744,0.0203,0.134,2.0,12.42,19.0
485,757.71,10.17,32.695,91.162,2.477198348371311,1.734528059498162,0.7944235496816758,2.887922816425721,0.7499033093011493,47933.592,86963.25999999998,224876.639,25126.770000000004,823088.6849999999,9.1,8.37,2.349181005,0.0195,0.117,1.88,12.38,19.3
540,735.43,17.16,43.073,113.937,2.246813549091078,1.848308039341385,0.5544783115724968,2.506081998582382,0.537659918848806,55737.432,75629.06,246924.449,24436.43,605695.9149999999,8.55,8.28,2.14478645,0.0264,0.114,2.07,12.48,19.8
1145,738.86,15.044,37.702,97.554,2.1884780648241473,1.7285616432444646,0.7279925116829008,5.3329924058910665,0.7079480668806594,37691.102,97174.86,478562.189,31900.63,2125190.225,8.37,8.66,2.2191,0.0959,0.113,1.51,12.42,19.5
