AOA_amoA,AOB_amoA,nxrA,narG,napA,nirK,nirS,nosZ,norB,hzsA,hzsB,hzo,nifH
7.555973123490793,5.647369053317753,9.493978700127665,6.850522460925821,6.983035059600621,6.9878661268491395,7.934204973115568,8.244666740346144,5.6278833742546635,7.5361185643047035,7.036136254231034,5.614448459404188,6.273844948481158
7.873235642343231,5.466414058044118,9.645256817343013,6.268829849631401,6.626158021856765,7.538564220839301,7.965250426109202,8.938732413496693,6.011854345596758,7.259952081622507,7.909062485903043,5.389666552052518,6.452541639952037
7.865019934148665,5.789113601473076,9.669033053773747,5.98321946171811,6.643795409585803,7.429187016454732,7.978567662169464,8.931261493091812,5.658073889036162,7.2740116086609214,7.901790837138393,5.400029824814222,6.4669585069937146
