AOA_amoA,AOB_amoA,nxrA,narG,napA,nirK,nirS,nosZ,norB,hzsA,hzsB,hzo,nifH
7.291708044898613,5.815286366084564,9.33093524972001,6.253940642570238,6.978332962169514,6.893052934881118,7.757177908103012,8.004358379679514,5.401128323410282,6.193614847547839,6.3529610217754575,5.50377779975605,5.831293920007783
7.760035466068017,5.790175546812509,9.539087558937034,6.854183920996231,7.4952542749673405,7.688336623001144,7.842213567525993,8.835794300166846,5.325849772756817,6.605675269918972,6.732174909392351,5.695496311296889,6.409661489728516
7.532865173570548,5.7496917399054,9.304427469213957,6.312894439956799,7.278991966402991,7.4993743066529825,7.861731382318842,8.223653621102617,5.687771947160348,6.433283194423743,6.698823538054824,5.565568650563937,6.1291143232512715
7.422329407837426,5.736540816418679,9.380349177843563,6.446070453330735,7.2570201278009625,7.563519113463322,7.4009380958586295,8.52870268582958,6.228533956056392,6.415768487711203,6.553169968435186,5.421018293376289,5.992606616414412
