S-TN,S-TP,S-Size-d(0.1),S-Size-d(0.5),S-Size-d(0.9),S-Size-d((0.9-0.1)/0.5),FI,BIX,HIX,β:α,Ⅰ-Area,Ⅱ-Area,Ⅲ-Area,Ⅳ-Area,Ⅴ-Area,W-pH,W-DO,W-TN,W-NO_{2}^{-},W-NO_{3}^{-},W-NH_{4}^{+},W-COD,W-T
1745,1165.142857,13.916,81.885,208.051,2.370824937412224,1.9182273568301815,0.9165899520125356,4.910218134298351,0.8566394522955261,17567.173000000003,62761.30999999999,196186.678,18839.68,831438.0190000001,8.4,8.21,1.86,0.0248,0.1024607,1.0177,12.97,21.2
580,1304.0,13.431,59.035,179.866,2.819259761158635,1.8105054780026624,0.9371331382010918,5.777830844848372,0.9004758429870171,13943.452999999998,66886.11000000002,229601.718,18862.65,1021062.859,8.29,8.11,1.83,0.0206,0.1790345,1.3449655,11.63,21.2
545,1342.285714,13.475,55.644,183.295,3.0519013730141613,1.9047412546978892,1.0320627802690585,4.727135678391959,0.950883371370111,9953.523,57187.30999999999,169114.528,16188.6,787915.619,8.5,8.01,2.54,0.0334,0.2683706,1.9759294,12.51,21.4
490,1353.714286,13.61,47.021,150.02,2.901044214287234,1.898184969919445,1.0275795890720252,4.540658090054428,0.9495806209313972,16045.153,60763.41,173410.94800000003,18327.64,755204.5289999999,8.33,7.87,1.92,0.0236,0.1620181,1.2029819,12.09,21.5
