S-TN,S-TP,S-Size-d(0.1),S-Size-d(0.5),S-Size-d(0.9),S-Size-d((0.9-0.1)/0.5),FI,BIX,HIX,β:α,Ⅰ-Area,Ⅱ-Area,Ⅲ-Area,Ⅳ-Area,Ⅴ-Area,W-pH,W-DO,W-TN,W-NO_{2}^{-},W-NO_{3}^{-},W-NH_{4}^{+},W-COD,W-T
2465,835.4285714,14.665,38.334,119.034,2.722622215265821,1.83306070519811,0.9110329085029484,2.7537634408602147,0.8709876879989816,12405.403,34410.41,102485.808,17445.289999999997,423735.989,8.97,11.55,1.63,0.0557,0.1322394,1.1592,11.9,28.9
1270,889.7142857,12.396,34.009,82.371,2.0575435914022755,1.8571428571428563,0.9706499261447564,3.2713071348940908,0.9140007789028596,20010.963,47980.810000000005,130625.838,22557.17,573778.4890000001,9.14,10.36,1.81,0.0288,0.1705263,0.6563,11.84,28.3
1970,768.5714286,10.796,29.792,65.966,1.8518394199785175,1.7984737423436092,1.012002652519894,4.618137509073939,0.978771164699846,14550.472999999998,27603.61,90522.258,9323.010000000002,373370.159,9.15,12.16,1.73,0.0236,0.1705263,1.4330737,11.91,28.4
1365,821.7142857,8.968,31.967,99.685,2.8378327650389465,1.92220580994584,1.024374853937836,2.328956650886475,0.9504737949129388,30694.823000000004,50378.51,97927.918,19807.1,370740.569,9.35,10.31,1.56,0.0518,0.1067148,1.0665,12.8,28.4
